Customer_ID,Campaign,Family_Type,Accepted,Response,Complaint,Campaign_Cost,Campaign_Revenue,Campaign_Profit
1,Campaign 1,Children at home,1,1,0,10.606060606060606,36.36363636363637,25.75757575757576
2,Campaign 1,Children at home,1,1,0,10.606060606060606,36.36363636363637,25.75757575757576
3,Campaign 1,Children at home,1,0,0,10.606060606060606,36.36363636363637,25.75757575757576
4,Campaign 1,Adults at home,1,0,0,10.606060606060606,36.36363636363637,25.75757575757576
5,Campaign 1,Adults at home,1,0,0,10.606060606060606,36.36363636363637,25.75757575757576
6,Campaign 1,Adults at home,1,0,0,10.606060606060606,36.36363636363637,25.75757575757576
7,Campaign 1,Adults at home,1,0,0,10.606060606060606,36.36363636363637,25.75757575757576
8,Campaign 1,Adults at home,1,0,0,10.606060606060606,36.36363636363637,25.75757575757576
9,Campaign 1,Children at home,1,0,0,10.606060606060606,36.36363636363637,25.75757575757576
10,Campaign 1,Children at home,1,1,0,10.606060606060606,36.36363636363637,25.75757575757576
11,Campaign 1,Adults at home,1,1,0,10.606060606060606,36.36363636363637,25.75757575757576
12,Campaign 1,Children at home,1,0,0,10.606060606060606,36.36363636363637,25.75757575757576
13,Campaign 1,Children at home,1,0,0,10.606060606060606,36.36363636363637,25.75757575757576
14,Campaign 1,Children at home,1,1,0,10.606060606060606,36.36363636363637,25.75757575757576
15,Campaign 1,Adults at home,1,1,0,10.606060606060606,36.36363636363637,25.75757575757576
16,Campaign 1,Adults at home,1,0,0,10.606060606060606,36.36363636363637,25.75757575757576
17,Campaign 1,Adults at home,1,1,0,10.606060606060606,36.36363636363637,25.75757575757576
18,Campaign 1,Adults at home,1,0,0,10.606060606060606,36.36363636363637,25.75757575757576
19,Campaign 1,Children at home,1,0,0,10.606060606060606,36.36363636363637,25.75757575757576
20,Campaign 1,Children at home,1,1,0,10.606060606060606,36.36363636363637,25.75757575757576
21,Campaign 1,Children at home,1,1,0,10.606060606060606,36.36363636363637,25.75757575757576
22,Campaign 1,Children at home,1,1,0,10.606060606060606,36.36363636363637,25.75757575757576
23,Campaign 1,Adults at home,1,1,0,10.606060606060606,36.36363636363637,25.75757575757576
24,Campaign 1,Adults at home,1,1,0,10.606060606060606,36.36363636363637,25.75757575757576
25,Campaign 1,Adults at home,1,1,0,10.606060606060606,36.36363636363637,25.75757575757576
26,Campaign 1,Adults at home,1,1,0,10.606060606060606,36.36363636363637,25.75757575757576
27,Campaign 1,Adults at home,1,0,0,10.606060606060606,36.36363636363637,25.75757575757576
28,Campaign 1,Adults at home,1,1,0,10.606060606060606,36.36363636363637,25.75757575757576
29,Campaign 1,Adults at home,1,0,0,10.606060606060606,36.36363636363637,25.75757575757576
30,Campaign 1,Adults at home,1,1,0,10.606060606060606,36.36363636363637,25.75757575757576
31,Campaign 1,Children at home,1,0,0,10.606060606060606,36.36363636363637,25.75757575757576
32,Campaign 1,Adults at home,1,1,0,10.606060606060606,36.36363636363637,25.75757575757576
33,Campaign 1,Children at home,1,1,0,10.606060606060606,36.36363636363637,25.75757575757576
34,Campaign 1,Adults at home,1,0,0,10.606060606060606,36.36363636363637,25.75757575757576
35,Campaign 1,Adults at home,1,1,0,10.606060606060606,36.36363636363637,25.75757575757576
36,Campaign 1,Adults at home,1,1,0,10.606060606060606,36.36363636363637,25.75757575757576
37,Campaign 1,Adults at home,1,0,0,10.606060606060606,36.36363636363637,25.75757575757576
38,Campaign 1,Children at home,1,1,0,10.606060606060606,36.36363636363637,25.75757575757576
39,Campaign 1,Adults at home,1,0,0,10.606060606060606,36.36363636363637,25.75757575757576
40,Campaign 1,Adults at home,1,1,0,10.606060606060606,36.36363636363637,25.75757575757576
41,Campaign 1,Adults at home,1,0,0,10.606060606060606,36.36363636363637,25.75757575757576
42,Campaign 1,Children at home,1,0,1,10.606060606060606,36.36363636363637,25.75757575757576
43,Campaign 1,Children at home,1,1,0,10.606060606060606,36.36363636363637,25.75757575757576
44,Campaign 1,Children at home,1,1,0,10.606060606060606,36.36363636363637,25.75757575757576
45,Campaign 1,Children at home,1,0,0,10.606060606060606,36.36363636363637,25.75757575757576
46,Campaign 1,Adults at home,1,0,0,10.606060606060606,36.36363636363637,25.75757575757576
47,Campaign 1,Adults at home,1,0,0,10.606060606060606,36.36363636363637,25.75757575757576
48,Campaign 1,Children at home,1,0,0,10.606060606060606,36.36363636363637,25.75757575757576
49,Campaign 1,Adults at home,1,0,0,10.606060606060606,36.36363636363637,25.75757575757576
50,Campaign 1,Adults at home,1,1,0,10.606060606060606,36.36363636363637,25.75757575757576
51,Campaign 1,Children at home,1,1,0,10.606060606060606,36.36363636363637,25.75757575757576
52,Campaign 1,Adults at home,1,0,0,10.606060606060606,36.36363636363637,25.75757575757576
53,Campaign 1,Children at home,1,0,0,10.606060606060606,36.36363636363637,25.75757575757576
54,Campaign 1,Children at home,1,0,0,10.606060606060606,36.36363636363637,25.75757575757576
55,Campaign 1,Adults at home,1,0,0,10.606060606060606,36.36363636363637,25.75757575757576
56,Campaign 1,Adults at home,1,0,0,10.606060606060606,36.36363636363637,25.75757575757576
57,Campaign 1,Children at home,1,1,0,10.606060606060606,36.36363636363637,25.75757575757576
58,Campaign 1,Adults at home,1,1,0,10.606060606060606,36.36363636363637,25.75757575757576
59,Campaign 1,Adults at home,1,1,0,10.606060606060606,36.36363636363637,25.75757575757576
60,Campaign 1,Adults at home,1,1,0,10.606060606060606,36.36363636363637,25.75757575757576
61,Campaign 1,Children at home,1,1,0,10.606060606060606,36.36363636363637,25.75757575757576
62,Campaign 1,Children at home,1,0,0,10.606060606060606,36.36363636363637,25.75757575757576
63,Campaign 1,Adults at home,1,1,0,10.606060606060606,36.36363636363637,25.75757575757576
64,Campaign 1,Adults at home,1,1,0,10.606060606060606,36.36363636363637,25.75757575757576
65,Campaign 1,Children at home,1,0,1,10.606060606060606,36.36363636363637,25.75757575757576
66,Campaign 1,Adults at home,1,1,0,10.606060606060606,36.36363636363637,25.75757575757576
67,Campaign 1,Adults at home,1,1,0,10.606060606060606,36.36363636363637,25.75757575757576
68,Campaign 1,Children at home,1,1,0,10.606060606060606,36.36363636363637,25.75757575757576
69,Campaign 1,Adults at home,1,1,0,10.606060606060606,36.36363636363637,25.75757575757576
70,Campaign 1,Adults at home,1,1,0,10.606060606060606,36.36363636363637,25.75757575757576
71,Campaign 1,Adults at home,1,0,0,10.606060606060606,36.36363636363637,25.75757575757576
72,Campaign 1,Children at home,1,1,0,10.606060606060606,36.36363636363637,25.75757575757576
73,Campaign 1,Children at home,1,1,0,10.606060606060606,36.36363636363637,25.75757575757576
74,Campaign 1,Adults at home,1,1,0,10.606060606060606,36.36363636363637,25.75757575757576
75,Campaign 1,Adults at home,1,0,0,10.606060606060606,36.36363636363637,25.75757575757576
76,Campaign 1,Adults at home,1,0,0,10.606060606060606,36.36363636363637,25.75757575757576
77,Campaign 1,Adults at home,1,1,0,10.606060606060606,36.36363636363637,25.75757575757576
78,Campaign 1,Adults at home,1,0,0,10.606060606060606,36.36363636363637,25.75757575757576
79,Campaign 1,Children at home,1,0,0,10.606060606060606,36.36363636363637,25.75757575757576
80,Campaign 1,Adults at home,1,1,0,10.606060606060606,36.36363636363637,25.75757575757576
81,Campaign 1,Children at home,1,1,0,10.606060606060606,36.36363636363637,25.75757575757576
82,Campaign 1,Children at home,1,1,0,10.606060606060606,36.36363636363637,25.75757575757576
83,Campaign 1,Adults at home,1,1,0,10.606060606060606,36.36363636363637,25.75757575757576
84,Campaign 1,Children at home,1,1,0,10.606060606060606,36.36363636363637,25.75757575757576
85,Campaign 1,Children at home,1,1,0,10.606060606060606,36.36363636363637,25.75757575757576
86,Campaign 1,Children at home,1,1,0,10.606060606060606,36.36363636363637,25.75757575757576
87,Campaign 1,Adults at home,1,1,0,10.606060606060606,36.36363636363637,25.75757575757576
88,Campaign 1,Adults at home,1,0,1,10.606060606060606,36.36363636363637,25.75757575757576
89,Campaign 1,Children at home,1,1,0,10.606060606060606,36.36363636363637,25.75757575757576
90,Campaign 1,Adults at home,1,1,0,10.606060606060606,36.36363636363637,25.75757575757576
91,Campaign 1,Adults at home,1,0,0,10.606060606060606,36.36363636363637,25.75757575757576
92,Campaign 1,Adults at home,1,1,0,10.606060606060606,36.36363636363637,25.75757575757576
93,Campaign 1,Children at home,1,1,0,10.606060606060606,36.36363636363637,25.75757575757576
94,Campaign 1,Adults at home,1,1,0,10.606060606060606,36.36363636363637,25.75757575757576
95,Campaign 1,Children at home,1,0,0,10.606060606060606,36.36363636363637,25.75757575757576
96,Campaign 1,Children at home,1,0,0,10.606060606060606,36.36363636363637,25.75757575757576
97,Campaign 1,Adults at home,1,0,0,10.606060606060606,36.36363636363637,25.75757575757576
98,Campaign 1,Adults at home,1,0,0,10.606060606060606,36.36363636363637,25.75757575757576
99,Campaign 1,Children at home,1,0,0,10.606060606060606,36.36363636363637,25.75757575757576
100,Campaign 1,Adults at home,1,1,0,10.606060606060606,36.36363636363637,25.75757575757576
101,Campaign 1,Adults at home,1,1,0,10.606060606060606,36.36363636363637,25.75757575757576
102,Campaign 1,Adults at home,1,0,0,10.606060606060606,36.36363636363637,25.75757575757576
103,Campaign 1,Children at home,1,0,0,10.606060606060606,36.36363636363637,25.75757575757576
104,Campaign 1,Adults at home,1,1,0,10.606060606060606,36.36363636363637,25.75757575757576
105,Campaign 1,Adults at home,1,0,0,10.606060606060606,36.36363636363637,25.75757575757576
106,Campaign 1,Children at home,1,1,0,10.606060606060606,36.36363636363637,25.75757575757576
107,Campaign 1,Adults at home,1,1,0,10.606060606060606,36.36363636363637,25.75757575757576
108,Campaign 1,Adults at home,1,1,0,10.606060606060606,36.36363636363637,25.75757575757576
109,Campaign 1,Children at home,1,0,0,10.606060606060606,36.36363636363637,25.75757575757576
110,Campaign 1,Children at home,1,1,0,10.606060606060606,36.36363636363637,25.75757575757576
111,Campaign 1,Children at home,1,0,0,10.606060606060606,36.36363636363637,25.75757575757576
112,Campaign 1,Children at home,1,0,0,10.606060606060606,36.36363636363637,25.75757575757576
113,Campaign 1,Adults at home,1,0,0,10.606060606060606,36.36363636363637,25.75757575757576
114,Campaign 1,Children at home,1,0,0,10.606060606060606,36.36363636363637,25.75757575757576
115,Campaign 1,Children at home,1,0,0,10.606060606060606,36.36363636363637,25.75757575757576
116,Campaign 1,Adults at home,1,0,0,10.606060606060606,36.36363636363637,25.75757575757576
117,Campaign 1,Adults at home,1,0,0,10.606060606060606,36.36363636363637,25.75757575757576
118,Campaign 1,Adults at home,1,0,0,10.606060606060606,36.36363636363637,25.75757575757576
119,Campaign 1,Children at home,1,0,1,10.606060606060606,36.36363636363637,25.75757575757576
120,Campaign 1,Adults at home,1,1,0,10.606060606060606,36.36363636363637,25.75757575757576
121,Campaign 1,Children at home,1,0,1,10.606060606060606,36.36363636363637,25.75757575757576
122,Campaign 1,Adults at home,1,0,0,10.606060606060606,36.36363636363637,25.75757575757576
123,Campaign 1,Adults at home,1,0,0,10.606060606060606,36.36363636363637,25.75757575757576
124,Campaign 1,Adults at home,1,1,0,10.606060606060606,36.36363636363637,25.75757575757576
125,Campaign 1,Adults at home,1,0,1,10.606060606060606,36.36363636363637,25.75757575757576
126,Campaign 1,Adults at home,1,0,0,10.606060606060606,36.36363636363637,25.75757575757576
127,Campaign 1,Children at home,1,1,0,10.606060606060606,36.36363636363637,25.75757575757576
128,Campaign 1,Children at home,1,1,0,10.606060606060606,36.36363636363637,25.75757575757576
129,Campaign 1,Adults at home,1,1,0,10.606060606060606,36.36363636363637,25.75757575757576
130,Campaign 1,Adults at home,1,0,0,10.606060606060606,36.36363636363637,25.75757575757576
131,Campaign 1,Adults at home,1,1,0,10.606060606060606,36.36363636363637,25.75757575757576
132,Campaign 1,Children at home,1,0,0,10.606060606060606,36.36363636363637,25.75757575757576
133,Campaign 1,Adults at home,1,1,0,10.606060606060606,36.36363636363637,25.75757575757576
134,Campaign 1,Children at home,1,1,0,10.606060606060606,36.36363636363637,25.75757575757576
135,Campaign 1,Adults at home,1,1,0,10.606060606060606,36.36363636363637,25.75757575757576
136,Campaign 1,Adults at home,1,0,0,10.606060606060606,36.36363636363637,25.75757575757576
137,Campaign 1,Adults at home,1,0,0,10.606060606060606,36.36363636363637,25.75757575757576
138,Campaign 1,Adults at home,1,1,0,10.606060606060606,36.36363636363637,25.75757575757576
139,Campaign 1,Adults at home,1,0,0,10.606060606060606,36.36363636363637,25.75757575757576
140,Campaign 1,Adults at home,1,1,0,10.606060606060606,36.36363636363637,25.75757575757576
141,Campaign 1,Adults at home,1,1,0,10.606060606060606,36.36363636363637,25.75757575757576
142,Campaign 1,Children at home,1,0,0,10.606060606060606,36.36363636363637,25.75757575757576
143,Campaign 2,Adults at home,1,0,0,10.606060606060606,36.36363636363637,25.75757575757576
144,Campaign 2,Children at home,1,0,0,10.606060606060606,36.36363636363637,25.75757575757576
145,Campaign 2,Adults at home,1,1,0,10.606060606060606,36.36363636363637,25.75757575757576
146,Campaign 2,Adults at home,1,0,0,10.606060606060606,36.36363636363637,25.75757575757576
147,Campaign 2,Children at home,1,1,0,10.606060606060606,36.36363636363637,25.75757575757576
148,Campaign 2,Adults at home,1,1,0,10.606060606060606,36.36363636363637,25.75757575757576
149,Campaign 2,Children at home,1,1,0,10.606060606060606,36.36363636363637,25.75757575757576
150,Campaign 2,Children at home,1,0,0,10.606060606060606,36.36363636363637,25.75757575757576
151,Campaign 2,Adults at home,1,1,0,10.606060606060606,36.36363636363637,25.75757575757576
152,Campaign 2,Adults at home,1,1,0,10.606060606060606,36.36363636363637,25.75757575757576
153,Campaign 2,Adults at home,1,0,1,10.606060606060606,36.36363636363637,25.75757575757576
154,Campaign 2,Adults at home,1,1,0,10.606060606060606,36.36363636363637,25.75757575757576
155,Campaign 2,Adults at home,1,1,0,10.606060606060606,36.36363636363637,25.75757575757576
156,Campaign 2,Children at home,1,1,0,10.606060606060606,36.36363636363637,25.75757575757576
157,Campaign 2,Adults at home,1,0,0,10.606060606060606,36.36363636363637,25.75757575757576
158,Campaign 2,Adults at home,1,1,0,10.606060606060606,36.36363636363637,25.75757575757576
159,Campaign 2,Children at home,1,0,0,10.606060606060606,36.36363636363637,25.75757575757576
160,Campaign 2,Adults at home,1,0,0,10.606060606060606,36.36363636363637,25.75757575757576
161,Campaign 2,Children at home,1,1,0,10.606060606060606,36.36363636363637,25.75757575757576
162,Campaign 2,Adults at home,1,0,0,10.606060606060606,36.36363636363637,25.75757575757576
163,Campaign 2,Adults at home,1,1,0,10.606060606060606,36.36363636363637,25.75757575757576
164,Campaign 2,Children at home,1,1,0,10.606060606060606,36.36363636363637,25.75757575757576
165,Campaign 2,Adults at home,1,1,0,10.606060606060606,36.36363636363637,25.75757575757576
166,Campaign 2,Adults at home,1,0,0,10.606060606060606,36.36363636363637,25.75757575757576
167,Campaign 2,Adults at home,1,0,0,10.606060606060606,36.36363636363637,25.75757575757576
168,Campaign 2,Adults at home,1,1,0,10.606060606060606,36.36363636363637,25.75757575757576
169,Campaign 2,Adults at home,1,0,0,10.606060606060606,36.36363636363637,25.75757575757576
170,Campaign 2,Children at home,1,1,0,10.606060606060606,36.36363636363637,25.75757575757576
171,Campaign 2,Adults at home,1,0,1,10.606060606060606,36.36363636363637,25.75757575757576
172,Campaign 2,Children at home,1,0,0,10.606060606060606,36.36363636363637,25.75757575757576
173,Campaign 3,Adults at home,1,1,0,10.606060606060606,36.36363636363637,25.75757575757576
174,Campaign 3,Adults at home,1,0,0,10.606060606060606,36.36363636363637,25.75757575757576
175,Campaign 3,Adults at home,1,1,0,10.606060606060606,36.36363636363637,25.75757575757576
176,Campaign 3,Adults at home,1,1,0,10.606060606060606,36.36363636363637,25.75757575757576
177,Campaign 3,Children at home,1,0,1,10.606060606060606,36.36363636363637,25.75757575757576
178,Campaign 3,Children at home,1,1,0,10.606060606060606,36.36363636363637,25.75757575757576
179,Campaign 3,Adults at home,1,0,0,10.606060606060606,36.36363636363637,25.75757575757576
180,Campaign 3,Adults at home,1,1,0,10.606060606060606,36.36363636363637,25.75757575757576
181,Campaign 3,Children at home,1,1,0,10.606060606060606,36.36363636363637,25.75757575757576
182,Campaign 3,Adults at home,1,1,0,10.606060606060606,36.36363636363637,25.75757575757576
183,Campaign 3,Adults at home,1,0,0,10.606060606060606,36.36363636363637,25.75757575757576
184,Campaign 3,Adults at home,1,0,0,10.606060606060606,36.36363636363637,25.75757575757576
185,Campaign 3,Adults at home,1,0,0,10.606060606060606,36.36363636363637,25.75757575757576
186,Campaign 3,Children at home,1,0,0,10.606060606060606,36.36363636363637,25.75757575757576
187,Campaign 3,Adults at home,1,1,0,10.606060606060606,36.36363636363637,25.75757575757576
188,Campaign 3,Adults at home,1,0,0,10.606060606060606,36.36363636363637,25.75757575757576
189,Campaign 3,Children at home,1,0,0,10.606060606060606,36.36363636363637,25.75757575757576
190,Campaign 3,Children at home,1,0,0,10.606060606060606,36.36363636363637,25.75757575757576
191,Campaign 3,Children at home,1,1,0,10.606060606060606,36.36363636363637,25.75757575757576
192,Campaign 3,Adults at home,1,0,0,10.606060606060606,36.36363636363637,25.75757575757576
193,Campaign 3,Children at home,1,0,0,10.606060606060606,36.36363636363637,25.75757575757576
194,Campaign 3,Children at home,1,1,0,10.606060606060606,36.36363636363637,25.75757575757576
195,Campaign 3,Children at home,1,0,0,10.606060606060606,36.36363636363637,25.75757575757576
196,Campaign 3,Children at home,1,1,0,10.606060606060606,36.36363636363637,25.75757575757576
197,Campaign 3,Adults at home,1,1,0,10.606060606060606,36.36363636363637,25.75757575757576
198,Campaign 3,Children at home,1,1,0,10.606060606060606,36.36363636363637,25.75757575757576
199,Campaign 3,Children at home,1,1,0,10.606060606060606,36.36363636363637,25.75757575757576
200,Campaign 3,Adults at home,1,0,0,10.606060606060606,36.36363636363637,25.75757575757576
201,Campaign 3,Children at home,1,0,0,10.606060606060606,36.36363636363637,25.75757575757576
202,Campaign 3,Adults at home,1,0,0,10.606060606060606,36.36363636363637,25.75757575757576
203,Campaign 3,Children at home,1,1,0,10.606060606060606,36.36363636363637,25.75757575757576
204,Campaign 3,Adults at home,1,1,0,10.606060606060606,36.36363636363637,25.75757575757576
205,Campaign 3,Adults at home,1,1,0,10.606060606060606,36.36363636363637,25.75757575757576
206,Campaign 3,Adults at home,1,0,0,10.606060606060606,36.36363636363637,25.75757575757576
207,Campaign 3,Children at home,1,0,0,10.606060606060606,36.36363636363637,25.75757575757576
208,Campaign 3,Adults at home,1,1,0,10.606060606060606,36.36363636363637,25.75757575757576
209,Campaign 3,Children at home,1,0,0,10.606060606060606,36.36363636363637,25.75757575757576
210,Campaign 3,Children at home,1,1,0,10.606060606060606,36.36363636363637,25.75757575757576
211,Campaign 3,Adults at home,1,1,0,10.606060606060606,36.36363636363637,25.75757575757576
212,Campaign 3,Children at home,1,0,0,10.606060606060606,36.36363636363637,25.75757575757576
213,Campaign 3,Children at home,1,1,0,10.606060606060606,36.36363636363637,25.75757575757576
214,Campaign 3,Adults at home,1,1,0,10.606060606060606,36.36363636363637,25.75757575757576
215,Campaign 3,Adults at home,1,1,0,10.606060606060606,36.36363636363637,25.75757575757576
216,Campaign 3,Adults at home,1,0,0,10.606060606060606,36.36363636363637,25.75757575757576
217,Campaign 3,Adults at home,1,1,0,10.606060606060606,36.36363636363637,25.75757575757576
218,Campaign 3,Children at home,1,0,0,10.606060606060606,36.36363636363637,25.75757575757576
219,Campaign 3,Children at home,1,1,0,10.606060606060606,36.36363636363637,25.75757575757576
220,Campaign 3,Adults at home,1,0,0,10.606060606060606,36.36363636363637,25.75757575757576
221,Campaign 3,Children at home,1,1,0,10.606060606060606,36.36363636363637,25.75757575757576
222,Campaign 3,Children at home,1,0,0,10.606060606060606,36.36363636363637,25.75757575757576
223,Campaign 3,Children at home,1,0,0,10.606060606060606,36.36363636363637,25.75757575757576
224,Campaign 3,Children at home,1,0,0,10.606060606060606,36.36363636363637,25.75757575757576
225,Campaign 3,Adults at home,1,0,0,10.606060606060606,36.36363636363637,25.75757575757576
226,Campaign 3,Adults at home,1,0,0,10.606060606060606,36.36363636363637,25.75757575757576
227,Campaign 3,Children at home,1,1,0,10.606060606060606,36.36363636363637,25.75757575757576
228,Campaign 3,Adults at home,1,0,0,10.606060606060606,36.36363636363637,25.75757575757576
229,Campaign 3,Adults at home,1,0,0,10.606060606060606,36.36363636363637,25.75757575757576
230,Campaign 3,Adults at home,1,0,0,10.606060606060606,36.36363636363637,25.75757575757576
231,Campaign 3,Children at home,1,1,0,10.606060606060606,36.36363636363637,25.75757575757576
232,Campaign 3,Children at home,1,1,0,10.606060606060606,36.36363636363637,25.75757575757576
233,Campaign 3,Children at home,1,1,0,10.606060606060606,36.36363636363637,25.75757575757576
234,Campaign 3,Children at home,1,0,0,10.606060606060606,36.36363636363637,25.75757575757576
235,Campaign 3,Adults at home,1,1,0,10.606060606060606,36.36363636363637,25.75757575757576
236,Campaign 3,Adults at home,1,1,0,10.606060606060606,36.36363636363637,25.75757575757576
237,Campaign 3,Children at home,1,0,0,10.606060606060606,36.36363636363637,25.75757575757576
238,Campaign 3,Children at home,1,1,0,10.606060606060606,36.36363636363637,25.75757575757576
239,Campaign 3,Adults at home,1,0,0,10.606060606060606,36.36363636363637,25.75757575757576
240,Campaign 3,Adults at home,1,1,0,10.606060606060606,36.36363636363637,25.75757575757576
241,Campaign 3,Children at home,1,0,0,10.606060606060606,36.36363636363637,25.75757575757576
242,Campaign 3,Adults at home,1,1,0,10.606060606060606,36.36363636363637,25.75757575757576
243,Campaign 3,Children at home,1,0,0,10.606060606060606,36.36363636363637,25.75757575757576
244,Campaign 3,Children at home,1,0,0,10.606060606060606,36.36363636363637,25.75757575757576
245,Campaign 3,Children at home,1,0,0,10.606060606060606,36.36363636363637,25.75757575757576
246,Campaign 3,Adults at home,1,1,0,10.606060606060606,36.36363636363637,25.75757575757576
247,Campaign 3,Children at home,1,1,0,10.606060606060606,36.36363636363637,25.75757575757576
248,Campaign 3,Children at home,1,0,0,10.606060606060606,36.36363636363637,25.75757575757576
249,Campaign 3,Adults at home,1,0,1,10.606060606060606,36.36363636363637,25.75757575757576
250,Campaign 3,Children at home,1,1,0,10.606060606060606,36.36363636363637,25.75757575757576
251,Campaign 3,Children at home,1,1,0,10.606060606060606,36.36363636363637,25.75757575757576
252,Campaign 3,Adults at home,1,1,0,10.606060606060606,36.36363636363637,25.75757575757576
253,Campaign 3,Adults at home,1,0,0,10.606060606060606,36.36363636363637,25.75757575757576
254,Campaign 3,Children at home,1,0,0,10.606060606060606,36.36363636363637,25.75757575757576
255,Campaign 3,Adults at home,1,0,0,10.606060606060606,36.36363636363637,25.75757575757576
256,Campaign 3,Children at home,1,1,0,10.606060606060606,36.36363636363637,25.75757575757576
257,Campaign 3,Adults at home,1,0,0,10.606060606060606,36.36363636363637,25.75757575757576
258,Campaign 3,Children at home,1,1,0,10.606060606060606,36.36363636363637,25.75757575757576
259,Campaign 3,Adults at home,1,1,0,10.606060606060606,36.36363636363637,25.75757575757576
260,Campaign 3,Adults at home,1,1,0,10.606060606060606,36.36363636363637,25.75757575757576
261,Campaign 3,Children at home,1,0,1,10.606060606060606,36.36363636363637,25.75757575757576
262,Campaign 3,Adults at home,1,0,0,10.606060606060606,36.36363636363637,25.75757575757576
263,Campaign 3,Children at home,1,1,0,10.606060606060606,36.36363636363637,25.75757575757576
264,Campaign 3,Adults at home,1,1,0,10.606060606060606,36.36363636363637,25.75757575757576
265,Campaign 3,Adults at home,1,1,0,10.606060606060606,36.36363636363637,25.75757575757576
266,Campaign 3,Adults at home,1,1,0,10.606060606060606,36.36363636363637,25.75757575757576
267,Campaign 3,Adults at home,1,0,0,10.606060606060606,36.36363636363637,25.75757575757576
268,Campaign 3,Adults at home,1,0,0,10.606060606060606,36.36363636363637,25.75757575757576
269,Campaign 3,Children at home,1,0,0,10.606060606060606,36.36363636363637,25.75757575757576
270,Campaign 3,Children at home,1,0,0,10.606060606060606,36.36363636363637,25.75757575757576
271,Campaign 3,Children at home,1,1,0,10.606060606060606,36.36363636363637,25.75757575757576
272,Campaign 3,Adults at home,1,0,0,10.606060606060606,36.36363636363637,25.75757575757576
273,Campaign 3,Children at home,1,1,0,10.606060606060606,36.36363636363637,25.75757575757576
274,Campaign 3,Adults at home,1,1,0,10.606060606060606,36.36363636363637,25.75757575757576
275,Campaign 3,Adults at home,1,0,1,10.606060606060606,36.36363636363637,25.75757575757576
276,Campaign 3,Adults at home,1,1,0,10.606060606060606,36.36363636363637,25.75757575757576
277,Campaign 3,Adults at home,1,1,0,10.606060606060606,36.36363636363637,25.75757575757576
278,Campaign 3,Children at home,1,1,0,10.606060606060606,36.36363636363637,25.75757575757576
279,Campaign 3,Adults at home,1,0,0,10.606060606060606,36.36363636363637,25.75757575757576
280,Campaign 3,Adults at home,1,0,0,10.606060606060606,36.36363636363637,25.75757575757576
281,Campaign 3,Children at home,1,1,0,10.606060606060606,36.36363636363637,25.75757575757576
282,Campaign 3,Children at home,1,0,0,10.606060606060606,36.36363636363637,25.75757575757576
283,Campaign 3,Children at home,1,0,0,10.606060606060606,36.36363636363637,25.75757575757576
284,Campaign 3,Children at home,1,1,0,10.606060606060606,36.36363636363637,25.75757575757576
285,Campaign 3,Children at home,1,0,0,10.606060606060606,36.36363636363637,25.75757575757576
286,Campaign 3,Children at home,1,0,0,10.606060606060606,36.36363636363637,25.75757575757576
287,Campaign 3,Adults at home,1,1,0,10.606060606060606,36.36363636363637,25.75757575757576
288,Campaign 3,Adults at home,1,0,0,10.606060606060606,36.36363636363637,25.75757575757576
289,Campaign 3,Children at home,1,0,0,10.606060606060606,36.36363636363637,25.75757575757576
290,Campaign 3,Adults at home,1,0,0,10.606060606060606,36.36363636363637,25.75757575757576
291,Campaign 3,Adults at home,1,1,0,10.606060606060606,36.36363636363637,25.75757575757576
292,Campaign 3,Children at home,1,0,0,10.606060606060606,36.36363636363637,25.75757575757576
293,Campaign 3,Adults at home,1,0,0,10.606060606060606,36.36363636363637,25.75757575757576
294,Campaign 3,Adults at home,1,0,0,10.606060606060606,36.36363636363637,25.75757575757576
295,Campaign 3,Children at home,1,0,1,10.606060606060606,36.36363636363637,25.75757575757576
296,Campaign 3,Adults at home,1,0,0,10.606060606060606,36.36363636363637,25.75757575757576
297,Campaign 3,Adults at home,1,0,0,10.606060606060606,36.36363636363637,25.75757575757576
298,Campaign 3,Children at home,1,0,0,10.606060606060606,36.36363636363637,25.75757575757576
299,Campaign 3,Children at home,1,1,0,10.606060606060606,36.36363636363637,25.75757575757576
300,Campaign 3,Children at home,1,1,0,10.606060606060606,36.36363636363637,25.75757575757576
301,Campaign 3,Adults at home,1,1,0,10.606060606060606,36.36363636363637,25.75757575757576
302,Campaign 3,Adults at home,1,0,0,10.606060606060606,36.36363636363637,25.75757575757576
303,Campaign 3,Adults at home,1,0,0,10.606060606060606,36.36363636363637,25.75757575757576
304,Campaign 3,Children at home,1,1,0,10.606060606060606,36.36363636363637,25.75757575757576
305,Campaign 3,Adults at home,1,1,0,10.606060606060606,36.36363636363637,25.75757575757576
306,Campaign 3,Adults at home,1,1,0,10.606060606060606,36.36363636363637,25.75757575757576
307,Campaign 3,Adults at home,1,0,0,10.606060606060606,36.36363636363637,25.75757575757576
308,Campaign 3,Adults at home,1,0,0,10.606060606060606,36.36363636363637,25.75757575757576
309,Campaign 3,Children at home,1,0,0,10.606060606060606,36.36363636363637,25.75757575757576
310,Campaign 3,Children at home,1,1,0,10.606060606060606,36.36363636363637,25.75757575757576
311,Campaign 3,Adults at home,1,0,0,10.606060606060606,36.36363636363637,25.75757575757576
312,Campaign 3,Adults at home,1,1,0,10.606060606060606,36.36363636363637,25.75757575757576
313,Campaign 3,Children at home,1,0,0,10.606060606060606,36.36363636363637,25.75757575757576
314,Campaign 3,Adults at home,1,1,0,10.606060606060606,36.36363636363637,25.75757575757576
315,Campaign 3,Adults at home,1,0,0,10.606060606060606,36.36363636363637,25.75757575757576
316,Campaign 3,Children at home,1,0,0,10.606060606060606,36.36363636363637,25.75757575757576
317,Campaign 3,Adults at home,1,1,0,10.606060606060606,36.36363636363637,25.75757575757576
318,Campaign 3,Children at home,1,0,0,10.606060606060606,36.36363636363637,25.75757575757576
319,Campaign 3,Adults at home,1,1,0,10.606060606060606,36.36363636363637,25.75757575757576
320,Campaign 3,Children at home,1,0,0,10.606060606060606,36.36363636363637,25.75757575757576
321,Campaign 3,Children at home,1,1,0,10.606060606060606,36.36363636363637,25.75757575757576
322,Campaign 3,Adults at home,1,0,0,10.606060606060606,36.36363636363637,25.75757575757576
323,Campaign 3,Adults at home,1,0,0,10.606060606060606,36.36363636363637,25.75757575757576
324,Campaign 3,Adults at home,1,0,0,10.606060606060606,36.36363636363637,25.75757575757576
325,Campaign 3,Adults at home,1,1,0,10.606060606060606,36.36363636363637,25.75757575757576
326,Campaign 3,Children at home,1,0,0,10.606060606060606,36.36363636363637,25.75757575757576
327,Campaign 3,Adults at home,1,1,0,10.606060606060606,36.36363636363637,25.75757575757576
328,Campaign 3,Adults at home,1,0,0,10.606060606060606,36.36363636363637,25.75757575757576
329,Campaign 3,Adults at home,1,1,0,10.606060606060606,36.36363636363637,25.75757575757576
330,Campaign 3,Adults at home,1,0,0,10.606060606060606,36.36363636363637,25.75757575757576
331,Campaign 3,Children at home,1,1,0,10.606060606060606,36.36363636363637,25.75757575757576
332,Campaign 3,Children at home,1,1,0,10.606060606060606,36.36363636363637,25.75757575757576
333,Campaign 3,Children at home,1,0,0,10.606060606060606,36.36363636363637,25.75757575757576
334,Campaign 3,Adults at home,1,1,0,10.606060606060606,36.36363636363637,25.75757575757576
335,Campaign 3,Adults at home,1,1,0,10.606060606060606,36.36363636363637,25.75757575757576
336,Campaign 4,Adults at home,1,1,0,10.606060606060606,36.36363636363637,25.75757575757576
337,Campaign 4,Adults at home,1,0,0,10.606060606060606,36.36363636363637,25.75757575757576
338,Campaign 4,Adults at home,1,1,0,10.606060606060606,36.36363636363637,25.75757575757576
339,Campaign 4,Adults at home,1,0,0,10.606060606060606,36.36363636363637,25.75757575757576
340,Campaign 4,Adults at home,1,1,0,10.606060606060606,36.36363636363637,25.75757575757576
341,Campaign 4,Adults at home,1,0,0,10.606060606060606,36.36363636363637,25.75757575757576
342,Campaign 4,Adults at home,1,1,0,10.606060606060606,36.36363636363637,25.75757575757576
343,Campaign 4,Adults at home,1,0,0,10.606060606060606,36.36363636363637,25.75757575757576
344,Campaign 4,Children at home,1,1,0,10.606060606060606,36.36363636363637,25.75757575757576
345,Campaign 4,Children at home,1,1,0,10.606060606060606,36.36363636363637,25.75757575757576
346,Campaign 4,Adults at home,1,0,0,10.606060606060606,36.36363636363637,25.75757575757576
347,Campaign 4,Adults at home,1,0,0,10.606060606060606,36.36363636363637,25.75757575757576
348,Campaign 4,Children at home,1,0,0,10.606060606060606,36.36363636363637,25.75757575757576
349,Campaign 4,Adults at home,1,1,0,10.606060606060606,36.36363636363637,25.75757575757576
350,Campaign 4,Children at home,1,1,0,10.606060606060606,36.36363636363637,25.75757575757576
351,Campaign 4,Adults at home,1,0,0,10.606060606060606,36.36363636363637,25.75757575757576
352,Campaign 4,Children at home,1,0,0,10.606060606060606,36.36363636363637,25.75757575757576
353,Campaign 4,Children at home,1,1,0,10.606060606060606,36.36363636363637,25.75757575757576
354,Campaign 4,Children at home,1,1,0,10.606060606060606,36.36363636363637,25.75757575757576
355,Campaign 4,Adults at home,1,0,0,10.606060606060606,36.36363636363637,25.75757575757576
356,Campaign 4,Adults at home,1,1,0,10.606060606060606,36.36363636363637,25.75757575757576
357,Campaign 4,Children at home,1,0,0,10.606060606060606,36.36363636363637,25.75757575757576
358,Campaign 4,Children at home,1,0,0,10.606060606060606,36.36363636363637,25.75757575757576
359,Campaign 4,Children at home,1,0,0,10.606060606060606,36.36363636363637,25.75757575757576
360,Campaign 4,Children at home,1,0,0,10.606060606060606,36.36363636363637,25.75757575757576
361,Campaign 4,Adults at home,1,1,0,10.606060606060606,36.36363636363637,25.75757575757576
362,Campaign 4,Adults at home,1,1,0,10.606060606060606,36.36363636363637,25.75757575757576
363,Campaign 4,Adults at home,1,1,0,10.606060606060606,36.36363636363637,25.75757575757576
364,Campaign 4,Children at home,1,1,0,10.606060606060606,36.36363636363637,25.75757575757576
365,Campaign 4,Children at home,1,0,0,10.606060606060606,36.36363636363637,25.75757575757576
366,Campaign 4,Adults at home,1,1,0,10.606060606060606,36.36363636363637,25.75757575757576
367,Campaign 4,Adults at home,1,0,0,10.606060606060606,36.36363636363637,25.75757575757576
368,Campaign 4,Children at home,1,0,0,10.606060606060606,36.36363636363637,25.75757575757576
369,Campaign 4,Children at home,1,1,0,10.606060606060606,36.36363636363637,25.75757575757576
370,Campaign 4,Adults at home,1,0,1,10.606060606060606,36.36363636363637,25.75757575757576
371,Campaign 4,Adults at home,1,1,0,10.606060606060606,36.36363636363637,25.75757575757576
372,Campaign 4,Children at home,1,1,0,10.606060606060606,36.36363636363637,25.75757575757576
373,Campaign 4,Adults at home,1,0,0,10.606060606060606,36.36363636363637,25.75757575757576
374,Campaign 4,Adults at home,1,1,0,10.606060606060606,36.36363636363637,25.75757575757576
375,Campaign 4,Children at home,1,1,0,10.606060606060606,36.36363636363637,25.75757575757576
376,Campaign 4,Adults at home,1,0,0,10.606060606060606,36.36363636363637,25.75757575757576
377,Campaign 4,Children at home,1,1,0,10.606060606060606,36.36363636363637,25.75757575757576
378,Campaign 4,Children at home,1,1,0,10.606060606060606,36.36363636363637,25.75757575757576
379,Campaign 4,Adults at home,1,1,0,10.606060606060606,36.36363636363637,25.75757575757576
380,Campaign 4,Children at home,1,0,0,10.606060606060606,36.36363636363637,25.75757575757576
381,Campaign 4,Adults at home,1,1,0,10.606060606060606,36.36363636363637,25.75757575757576
382,Campaign 4,Adults at home,1,1,0,10.606060606060606,36.36363636363637,25.75757575757576
383,Campaign 4,Adults at home,1,0,0,10.606060606060606,36.36363636363637,25.75757575757576
384,Campaign 4,Adults at home,1,1,0,10.606060606060606,36.36363636363637,25.75757575757576
385,Campaign 4,Adults at home,1,1,0,10.606060606060606,36.36363636363637,25.75757575757576
386,Campaign 4,Adults at home,1,0,0,10.606060606060606,36.36363636363637,25.75757575757576
387,Campaign 4,Adults at home,1,1,0,10.606060606060606,36.36363636363637,25.75757575757576
388,Campaign 4,Children at home,1,1,0,10.606060606060606,36.36363636363637,25.75757575757576
389,Campaign 4,Adults at home,1,1,0,10.606060606060606,36.36363636363637,25.75757575757576
390,Campaign 4,Children at home,1,1,0,10.606060606060606,36.36363636363637,25.75757575757576
391,Campaign 4,Adults at home,1,0,0,10.606060606060606,36.36363636363637,25.75757575757576
392,Campaign 4,Adults at home,1,0,0,10.606060606060606,36.36363636363637,25.75757575757576
393,Campaign 4,Children at home,1,0,0,10.606060606060606,36.36363636363637,25.75757575757576
394,Campaign 4,Children at home,1,1,0,10.606060606060606,36.36363636363637,25.75757575757576
395,Campaign 4,Adults at home,1,0,0,10.606060606060606,36.36363636363637,25.75757575757576
396,Campaign 4,Adults at home,1,1,0,10.606060606060606,36.36363636363637,25.75757575757576
397,Campaign 4,Children at home,1,1,0,10.606060606060606,36.36363636363637,25.75757575757576
398,Campaign 4,Adults at home,1,1,0,10.606060606060606,36.36363636363637,25.75757575757576
399,Campaign 4,Children at home,1,1,0,10.606060606060606,36.36363636363637,25.75757575757576
400,Campaign 4,Adults at home,1,0,0,10.606060606060606,36.36363636363637,25.75757575757576
401,Campaign 4,Adults at home,1,0,0,10.606060606060606,36.36363636363637,25.75757575757576
402,Campaign 4,Adults at home,1,1,0,10.606060606060606,36.36363636363637,25.75757575757576
403,Campaign 4,Adults at home,1,0,1,10.606060606060606,36.36363636363637,25.75757575757576
404,Campaign 4,Children at home,1,0,0,10.606060606060606,36.36363636363637,25.75757575757576
405,Campaign 4,Children at home,1,1,0,10.606060606060606,36.36363636363637,25.75757575757576
406,Campaign 4,Children at home,1,0,0,10.606060606060606,36.36363636363637,25.75757575757576
407,Campaign 4,Adults at home,1,0,0,10.606060606060606,36.36363636363637,25.75757575757576
408,Campaign 4,Children at home,1,0,0,10.606060606060606,36.36363636363637,25.75757575757576
409,Campaign 4,Children at home,1,1,0,10.606060606060606,36.36363636363637,25.75757575757576
410,Campaign 4,Children at home,1,0,0,10.606060606060606,36.36363636363637,25.75757575757576
411,Campaign 4,Adults at home,1,0,0,10.606060606060606,36.36363636363637,25.75757575757576
412,Campaign 4,Adults at home,1,0,0,10.606060606060606,36.36363636363637,25.75757575757576
413,Campaign 4,Adults at home,1,1,0,10.606060606060606,36.36363636363637,25.75757575757576
414,Campaign 4,Adults at home,1,1,0,10.606060606060606,36.36363636363637,25.75757575757576
415,Campaign 4,Children at home,1,0,0,10.606060606060606,36.36363636363637,25.75757575757576
416,Campaign 4,Adults at home,1,1,0,10.606060606060606,36.36363636363637,25.75757575757576
417,Campaign 4,Adults at home,1,0,0,10.606060606060606,36.36363636363637,25.75757575757576
418,Campaign 4,Adults at home,1,1,0,10.606060606060606,36.36363636363637,25.75757575757576
419,Campaign 4,Adults at home,1,0,0,10.606060606060606,36.36363636363637,25.75757575757576
420,Campaign 4,Children at home,1,1,0,10.606060606060606,36.36363636363637,25.75757575757576
421,Campaign 4,Adults at home,1,1,0,10.606060606060606,36.36363636363637,25.75757575757576
422,Campaign 4,Children at home,1,1,0,10.606060606060606,36.36363636363637,25.75757575757576
423,Campaign 4,Adults at home,1,0,0,10.606060606060606,36.36363636363637,25.75757575757576
424,Campaign 4,Adults at home,1,1,0,10.606060606060606,36.36363636363637,25.75757575757576
425,Campaign 4,Children at home,1,0,1,10.606060606060606,36.36363636363637,25.75757575757576
426,Campaign 4,Adults at home,1,0,0,10.606060606060606,36.36363636363637,25.75757575757576
427,Campaign 4,Adults at home,1,1,0,10.606060606060606,36.36363636363637,25.75757575757576
428,Campaign 4,Adults at home,1,0,0,10.606060606060606,36.36363636363637,25.75757575757576
429,Campaign 4,Children at home,1,1,0,10.606060606060606,36.36363636363637,25.75757575757576
430,Campaign 4,Children at home,1,1,0,10.606060606060606,36.36363636363637,25.75757575757576
431,Campaign 4,Children at home,1,1,0,10.606060606060606,36.36363636363637,25.75757575757576
432,Campaign 4,Adults at home,1,0,0,10.606060606060606,36.36363636363637,25.75757575757576
433,Campaign 4,Children at home,1,0,0,10.606060606060606,36.36363636363637,25.75757575757576
434,Campaign 4,Adults at home,1,1,0,10.606060606060606,36.36363636363637,25.75757575757576
435,Campaign 4,Adults at home,1,1,0,10.606060606060606,36.36363636363637,25.75757575757576
436,Campaign 4,Children at home,1,1,0,10.606060606060606,36.36363636363637,25.75757575757576
437,Campaign 4,Children at home,1,1,0,10.606060606060606,36.36363636363637,25.75757575757576
438,Campaign 4,Adults at home,1,1,0,10.606060606060606,36.36363636363637,25.75757575757576
439,Campaign 4,Adults at home,1,1,0,10.606060606060606,36.36363636363637,25.75757575757576
440,Campaign 4,Children at home,1,1,0,10.606060606060606,36.36363636363637,25.75757575757576
441,Campaign 4,Children at home,1,1,0,10.606060606060606,36.36363636363637,25.75757575757576
442,Campaign 4,Adults at home,1,0,0,10.606060606060606,36.36363636363637,25.75757575757576
443,Campaign 4,Adults at home,1,0,0,10.606060606060606,36.36363636363637,25.75757575757576
444,Campaign 4,Children at home,1,0,0,10.606060606060606,36.36363636363637,25.75757575757576
445,Campaign 4,Children at home,1,0,0,10.606060606060606,36.36363636363637,25.75757575757576
446,Campaign 4,Adults at home,1,0,0,10.606060606060606,36.36363636363637,25.75757575757576
447,Campaign 4,Adults at home,1,0,0,10.606060606060606,36.36363636363637,25.75757575757576
448,Campaign 4,Children at home,1,0,0,10.606060606060606,36.36363636363637,25.75757575757576
449,Campaign 4,Adults at home,1,1,0,10.606060606060606,36.36363636363637,25.75757575757576
450,Campaign 4,Children at home,1,0,0,10.606060606060606,36.36363636363637,25.75757575757576
451,Campaign 4,Adults at home,1,0,0,10.606060606060606,36.36363636363637,25.75757575757576
452,Campaign 4,Children at home,1,0,0,10.606060606060606,36.36363636363637,25.75757575757576
453,Campaign 4,Children at home,1,1,0,10.606060606060606,36.36363636363637,25.75757575757576
454,Campaign 4,Adults at home,1,0,0,10.606060606060606,36.36363636363637,25.75757575757576
455,Campaign 4,Children at home,1,0,0,10.606060606060606,36.36363636363637,25.75757575757576
456,Campaign 4,Adults at home,1,1,0,10.606060606060606,36.36363636363637,25.75757575757576
457,Campaign 4,Adults at home,1,0,0,10.606060606060606,36.36363636363637,25.75757575757576
458,Campaign 4,Adults at home,1,1,0,10.606060606060606,36.36363636363637,25.75757575757576
459,Campaign 4,Adults at home,1,0,0,10.606060606060606,36.36363636363637,25.75757575757576
460,Campaign 4,Adults at home,1,0,1,10.606060606060606,36.36363636363637,25.75757575757576
461,Campaign 4,Children at home,1,0,0,10.606060606060606,36.36363636363637,25.75757575757576
462,Campaign 4,Adults at home,1,1,0,10.606060606060606,36.36363636363637,25.75757575757576
463,Campaign 4,Adults at home,1,1,0,10.606060606060606,36.36363636363637,25.75757575757576
464,Campaign 4,Adults at home,1,1,0,10.606060606060606,36.36363636363637,25.75757575757576
465,Campaign 4,Adults at home,1,1,0,10.606060606060606,36.36363636363637,25.75757575757576
466,Campaign 4,Adults at home,1,0,0,10.606060606060606,36.36363636363637,25.75757575757576
467,Campaign 4,Children at home,1,0,0,10.606060606060606,36.36363636363637,25.75757575757576
468,Campaign 4,Adults at home,1,1,0,10.606060606060606,36.36363636363637,25.75757575757576
469,Campaign 4,Adults at home,1,1,0,10.606060606060606,36.36363636363637,25.75757575757576
470,Campaign 4,Children at home,1,0,0,10.606060606060606,36.36363636363637,25.75757575757576
471,Campaign 4,Adults at home,1,0,0,10.606060606060606,36.36363636363637,25.75757575757576
472,Campaign 4,Children at home,1,1,0,10.606060606060606,36.36363636363637,25.75757575757576
473,Campaign 4,Adults at home,1,1,0,10.606060606060606,36.36363636363637,25.75757575757576
474,Campaign 4,Adults at home,1,1,0,10.606060606060606,36.36363636363637,25.75757575757576
475,Campaign 4,Children at home,1,1,0,10.606060606060606,36.36363636363637,25.75757575757576
476,Campaign 4,Children at home,1,1,0,10.606060606060606,36.36363636363637,25.75757575757576
477,Campaign 4,Adults at home,1,0,0,10.606060606060606,36.36363636363637,25.75757575757576
478,Campaign 4,Adults at home,1,0,0,10.606060606060606,36.36363636363637,25.75757575757576
479,Campaign 4,Adults at home,1,0,0,10.606060606060606,36.36363636363637,25.75757575757576
480,Campaign 4,Children at home,1,0,0,10.606060606060606,36.36363636363637,25.75757575757576
481,Campaign 4,Adults at home,1,1,0,10.606060606060606,36.36363636363637,25.75757575757576
482,Campaign 4,Children at home,1,0,0,10.606060606060606,36.36363636363637,25.75757575757576
483,Campaign 4,Adults at home,1,1,0,10.606060606060606,36.36363636363637,25.75757575757576
484,Campaign 4,Adults at home,1,0,0,10.606060606060606,36.36363636363637,25.75757575757576
485,Campaign 4,Adults at home,1,1,0,10.606060606060606,36.36363636363637,25.75757575757576
486,Campaign 4,Adults at home,1,0,0,10.606060606060606,36.36363636363637,25.75757575757576
487,Campaign 4,Children at home,1,1,0,10.606060606060606,36.36363636363637,25.75757575757576
488,Campaign 4,Children at home,1,1,0,10.606060606060606,36.36363636363637,25.75757575757576
489,Campaign 4,Children at home,1,1,0,10.606060606060606,36.36363636363637,25.75757575757576
490,Campaign 4,Adults at home,1,0,0,10.606060606060606,36.36363636363637,25.75757575757576
491,Campaign 4,Adults at home,1,1,0,10.606060606060606,36.36363636363637,25.75757575757576
492,Campaign 4,Children at home,1,1,0,10.606060606060606,36.36363636363637,25.75757575757576
493,Campaign 4,Adults at home,1,1,0,10.606060606060606,36.36363636363637,25.75757575757576
494,Campaign 4,Children at home,1,0,0,10.606060606060606,36.36363636363637,25.75757575757576
495,Campaign 4,Children at home,1,1,0,10.606060606060606,36.36363636363637,25.75757575757576
496,Campaign 4,Children at home,1,0,0,10.606060606060606,36.36363636363637,25.75757575757576
497,Campaign 4,Children at home,1,1,0,10.606060606060606,36.36363636363637,25.75757575757576
498,Campaign 4,Adults at home,1,0,0,10.606060606060606,36.36363636363637,25.75757575757576
499,Campaign 4,Children at home,1,0,0,10.606060606060606,36.36363636363637,25.75757575757576
500,Campaign 5,Adults at home,1,1,0,10.606060606060606,36.36363636363637,25.75757575757576
501,Campaign 5,Adults at home,1,1,0,10.606060606060606,36.36363636363637,25.75757575757576
502,Campaign 5,Children at home,1,1,0,10.606060606060606,36.36363636363637,25.75757575757576
503,Campaign 5,Adults at home,1,0,0,10.606060606060606,36.36363636363637,25.75757575757576
504,Campaign 5,Adults at home,1,0,0,10.606060606060606,36.36363636363637,25.75757575757576
505,Campaign 5,Adults at home,1,1,0,10.606060606060606,36.36363636363637,25.75757575757576
506,Campaign 5,Adults at home,1,1,0,10.606060606060606,36.36363636363637,25.75757575757576
507,Campaign 5,Adults at home,1,1,0,10.606060606060606,36.36363636363637,25.75757575757576
508,Campaign 5,Adults at home,1,1,0,10.606060606060606,36.36363636363637,25.75757575757576
509,Campaign 5,Children at home,1,0,0,10.606060606060606,36.36363636363637,25.75757575757576
510,Campaign 5,Adults at home,1,1,0,10.606060606060606,36.36363636363637,25.75757575757576
511,Campaign 5,Adults at home,1,0,0,10.606060606060606,36.36363636363637,25.75757575757576
512,Campaign 5,Children at home,1,1,0,10.606060606060606,36.36363636363637,25.75757575757576
513,Campaign 5,Adults at home,1,0,0,10.606060606060606,36.36363636363637,25.75757575757576
514,Campaign 5,Children at home,1,0,0,10.606060606060606,36.36363636363637,25.75757575757576
515,Campaign 5,Adults at home,1,1,0,10.606060606060606,36.36363636363637,25.75757575757576
516,Campaign 5,Children at home,1,0,0,10.606060606060606,36.36363636363637,25.75757575757576
517,Campaign 5,Children at home,1,0,0,10.606060606060606,36.36363636363637,25.75757575757576
518,Campaign 5,Children at home,1,0,0,10.606060606060606,36.36363636363637,25.75757575757576
519,Campaign 5,Children at home,1,0,0,10.606060606060606,36.36363636363637,25.75757575757576
520,Campaign 5,Adults at home,1,0,0,10.606060606060606,36.36363636363637,25.75757575757576
521,Campaign 5,Adults at home,1,0,0,10.606060606060606,36.36363636363637,25.75757575757576
522,Campaign 5,Children at home,1,1,0,10.606060606060606,36.36363636363637,25.75757575757576
523,Campaign 5,Children at home,1,0,0,10.606060606060606,36.36363636363637,25.75757575757576
524,Campaign 5,Adults at home,1,0,0,10.606060606060606,36.36363636363637,25.75757575757576
525,Campaign 5,Adults at home,1,0,0,10.606060606060606,36.36363636363637,25.75757575757576
526,Campaign 5,Children at home,1,0,0,10.606060606060606,36.36363636363637,25.75757575757576
527,Campaign 5,Children at home,1,1,0,10.606060606060606,36.36363636363637,25.75757575757576
528,Campaign 5,Children at home,1,1,0,10.606060606060606,36.36363636363637,25.75757575757576
529,Campaign 5,Children at home,1,1,0,10.606060606060606,36.36363636363637,25.75757575757576
530,Campaign 5,Adults at home,1,1,0,10.606060606060606,36.36363636363637,25.75757575757576
531,Campaign 5,Children at home,1,0,0,10.606060606060606,36.36363636363637,25.75757575757576
532,Campaign 5,Adults at home,1,1,0,10.606060606060606,36.36363636363637,25.75757575757576
533,Campaign 5,Children at home,1,0,0,10.606060606060606,36.36363636363637,25.75757575757576
534,Campaign 5,Children at home,1,1,0,10.606060606060606,36.36363636363637,25.75757575757576
535,Campaign 5,Adults at home,1,1,0,10.606060606060606,36.36363636363637,25.75757575757576
536,Campaign 5,Adults at home,1,0,0,10.606060606060606,36.36363636363637,25.75757575757576
537,Campaign 5,Children at home,1,0,0,10.606060606060606,36.36363636363637,25.75757575757576
538,Campaign 5,Children at home,1,0,0,10.606060606060606,36.36363636363637,25.75757575757576
539,Campaign 5,Adults at home,1,0,0,10.606060606060606,36.36363636363637,25.75757575757576
540,Campaign 5,Children at home,1,0,0,10.606060606060606,36.36363636363637,25.75757575757576
541,Campaign 5,Children at home,1,0,0,10.606060606060606,36.36363636363637,25.75757575757576
542,Campaign 5,Adults at home,1,0,1,10.606060606060606,36.36363636363637,25.75757575757576
543,Campaign 5,Adults at home,1,0,0,10.606060606060606,36.36363636363637,25.75757575757576
544,Campaign 5,Children at home,1,1,0,10.606060606060606,36.36363636363637,25.75757575757576
545,Campaign 5,Adults at home,1,1,0,10.606060606060606,36.36363636363637,25.75757575757576
546,Campaign 5,Adults at home,1,0,0,10.606060606060606,36.36363636363637,25.75757575757576
547,Campaign 5,Children at home,1,0,0,10.606060606060606,36.36363636363637,25.75757575757576
548,Campaign 5,Adults at home,1,0,0,10.606060606060606,36.36363636363637,25.75757575757576
549,Campaign 5,Adults at home,1,1,0,10.606060606060606,36.36363636363637,25.75757575757576
550,Campaign 5,Adults at home,1,1,0,10.606060606060606,36.36363636363637,25.75757575757576
551,Campaign 5,Children at home,1,0,0,10.606060606060606,36.36363636363637,25.75757575757576
552,Campaign 5,Children at home,1,0,0,10.606060606060606,36.36363636363637,25.75757575757576
553,Campaign 5,Children at home,1,1,0,10.606060606060606,36.36363636363637,25.75757575757576
554,Campaign 5,Children at home,1,1,0,10.606060606060606,36.36363636363637,25.75757575757576
555,Campaign 5,Adults at home,1,0,0,10.606060606060606,36.36363636363637,25.75757575757576
556,Campaign 5,Adults at home,1,1,0,10.606060606060606,36.36363636363637,25.75757575757576
557,Campaign 5,Adults at home,1,0,0,10.606060606060606,36.36363636363637,25.75757575757576
558,Campaign 5,Adults at home,1,1,0,10.606060606060606,36.36363636363637,25.75757575757576
559,Campaign 5,Children at home,1,1,0,10.606060606060606,36.36363636363637,25.75757575757576
560,Campaign 5,Children at home,1,0,0,10.606060606060606,36.36363636363637,25.75757575757576
561,Campaign 5,Adults at home,1,0,1,10.606060606060606,36.36363636363637,25.75757575757576
562,Campaign 5,Adults at home,1,0,0,10.606060606060606,36.36363636363637,25.75757575757576
563,Campaign 5,Adults at home,1,0,0,10.606060606060606,36.36363636363637,25.75757575757576
564,Campaign 5,Children at home,1,0,0,10.606060606060606,36.36363636363637,25.75757575757576
565,Campaign 5,Children at home,1,0,0,10.606060606060606,36.36363636363637,25.75757575757576
566,Campaign 5,Adults at home,1,1,0,10.606060606060606,36.36363636363637,25.75757575757576
567,Campaign 5,Adults at home,1,0,0,10.606060606060606,36.36363636363637,25.75757575757576
568,Campaign 5,Children at home,1,1,0,10.606060606060606,36.36363636363637,25.75757575757576
569,Campaign 5,Adults at home,1,1,0,10.606060606060606,36.36363636363637,25.75757575757576
570,Campaign 5,Children at home,1,0,0,10.606060606060606,36.36363636363637,25.75757575757576
571,Campaign 5,Children at home,1,1,0,10.606060606060606,36.36363636363637,25.75757575757576
572,Campaign 5,Children at home,1,0,0,10.606060606060606,36.36363636363637,25.75757575757576
573,Campaign 5,Children at home,1,0,0,10.606060606060606,36.36363636363637,25.75757575757576
574,Campaign 5,Adults at home,1,0,0,10.606060606060606,36.36363636363637,25.75757575757576
575,Campaign 5,Adults at home,1,1,0,10.606060606060606,36.36363636363637,25.75757575757576
576,Campaign 5,Children at home,1,0,1,10.606060606060606,36.36363636363637,25.75757575757576
577,Campaign 5,Children at home,1,0,0,10.606060606060606,36.36363636363637,25.75757575757576
578,Campaign 5,Adults at home,1,0,0,10.606060606060606,36.36363636363637,25.75757575757576
579,Campaign 5,Adults at home,1,1,0,10.606060606060606,36.36363636363637,25.75757575757576
580,Campaign 5,Adults at home,1,0,0,10.606060606060606,36.36363636363637,25.75757575757576
581,Campaign 5,Adults at home,1,1,0,10.606060606060606,36.36363636363637,25.75757575757576
582,Campaign 5,Adults at home,1,0,0,10.606060606060606,36.36363636363637,25.75757575757576
583,Campaign 5,Children at home,1,1,0,10.606060606060606,36.36363636363637,25.75757575757576
584,Campaign 5,Children at home,1,0,0,10.606060606060606,36.36363636363637,25.75757575757576
585,Campaign 5,Adults at home,1,1,0,10.606060606060606,36.36363636363637,25.75757575757576
586,Campaign 5,Adults at home,1,1,0,10.606060606060606,36.36363636363637,25.75757575757576
587,Campaign 5,Children at home,1,0,0,10.606060606060606,36.36363636363637,25.75757575757576
588,Campaign 5,Children at home,1,1,0,10.606060606060606,36.36363636363637,25.75757575757576
589,Campaign 5,Adults at home,1,0,0,10.606060606060606,36.36363636363637,25.75757575757576
590,Campaign 5,Adults at home,1,0,0,10.606060606060606,36.36363636363637,25.75757575757576
591,Campaign 5,Adults at home,1,1,0,10.606060606060606,36.36363636363637,25.75757575757576
592,Campaign 5,Adults at home,1,1,0,10.606060606060606,36.36363636363637,25.75757575757576
593,Campaign 5,Adults at home,1,1,0,10.606060606060606,36.36363636363637,25.75757575757576
594,Campaign 5,Adults at home,1,1,0,10.606060606060606,36.36363636363637,25.75757575757576
595,Campaign 5,Children at home,1,0,0,10.606060606060606,36.36363636363637,25.75757575757576
596,Campaign 5,Children at home,1,0,0,10.606060606060606,36.36363636363637,25.75757575757576
597,Campaign 5,Adults at home,1,1,0,10.606060606060606,36.36363636363637,25.75757575757576
598,Campaign 5,Children at home,1,0,0,10.606060606060606,36.36363636363637,25.75757575757576
599,Campaign 5,Adults at home,1,1,0,10.606060606060606,36.36363636363637,25.75757575757576
600,Campaign 5,Children at home,1,1,0,10.606060606060606,36.36363636363637,25.75757575757576
601,Campaign 5,Adults at home,1,1,0,10.606060606060606,36.36363636363637,25.75757575757576
602,Campaign 5,Children at home,1,0,0,10.606060606060606,36.36363636363637,25.75757575757576
603,Campaign 5,Adults at home,1,1,0,10.606060606060606,36.36363636363637,25.75757575757576
604,Campaign 5,Adults at home,1,1,0,10.606060606060606,36.36363636363637,25.75757575757576
605,Campaign 5,Adults at home,1,1,0,10.606060606060606,36.36363636363637,25.75757575757576
606,Campaign 5,Children at home,1,0,0,10.606060606060606,36.36363636363637,25.75757575757576
607,Campaign 5,Adults at home,1,1,0,10.606060606060606,36.36363636363637,25.75757575757576
608,Campaign 5,Adults at home,1,1,0,10.606060606060606,36.36363636363637,25.75757575757576
609,Campaign 5,Children at home,1,1,0,10.606060606060606,36.36363636363637,25.75757575757576
610,Campaign 5,Adults at home,1,1,0,10.606060606060606,36.36363636363637,25.75757575757576
611,Campaign 5,Adults at home,1,0,0,10.606060606060606,36.36363636363637,25.75757575757576
612,Campaign 5,Adults at home,1,0,0,10.606060606060606,36.36363636363637,25.75757575757576
613,Campaign 5,Adults at home,1,1,0,10.606060606060606,36.36363636363637,25.75757575757576
614,Campaign 5,Children at home,1,0,0,10.606060606060606,36.36363636363637,25.75757575757576
615,Campaign 5,Children at home,1,1,0,10.606060606060606,36.36363636363637,25.75757575757576
616,Campaign 5,Children at home,1,1,0,10.606060606060606,36.36363636363637,25.75757575757576
617,Campaign 5,Children at home,1,1,0,10.606060606060606,36.36363636363637,25.75757575757576
618,Campaign 5,Children at home,1,1,0,10.606060606060606,36.36363636363637,25.75757575757576
619,Campaign 5,Adults at home,1,0,0,10.606060606060606,36.36363636363637,25.75757575757576
620,Campaign 5,Adults at home,1,1,0,10.606060606060606,36.36363636363637,25.75757575757576
621,Campaign 5,Children at home,1,0,0,10.606060606060606,36.36363636363637,25.75757575757576
622,Campaign 5,Children at home,1,0,0,10.606060606060606,36.36363636363637,25.75757575757576
623,Campaign 5,Adults at home,1,1,0,10.606060606060606,36.36363636363637,25.75757575757576
624,Campaign 5,Adults at home,1,0,0,10.606060606060606,36.36363636363637,25.75757575757576
625,Campaign 5,Children at home,1,1,0,10.606060606060606,36.36363636363637,25.75757575757576
626,Campaign 5,Adults at home,1,0,0,10.606060606060606,36.36363636363637,25.75757575757576
627,Campaign 5,Adults at home,1,0,0,10.606060606060606,36.36363636363637,25.75757575757576
628,Campaign 5,Children at home,1,1,0,10.606060606060606,36.36363636363637,25.75757575757576
629,Campaign 5,Children at home,1,1,0,10.606060606060606,36.36363636363637,25.75757575757576
630,Campaign 5,Children at home,1,0,0,10.606060606060606,36.36363636363637,25.75757575757576
631,Campaign 5,Adults at home,1,1,0,10.606060606060606,36.36363636363637,25.75757575757576
632,Campaign 5,Adults at home,1,1,0,10.606060606060606,36.36363636363637,25.75757575757576
633,Campaign 5,Children at home,1,0,0,10.606060606060606,36.36363636363637,25.75757575757576
634,Campaign 5,Children at home,1,1,0,10.606060606060606,36.36363636363637,25.75757575757576
635,Campaign 5,Adults at home,1,1,0,10.606060606060606,36.36363636363637,25.75757575757576
636,Campaign 5,Children at home,1,0,0,10.606060606060606,36.36363636363637,25.75757575757576
637,Campaign 5,Adults at home,1,0,0,10.606060606060606,36.36363636363637,25.75757575757576
638,Campaign 5,Adults at home,1,1,0,10.606060606060606,36.36363636363637,25.75757575757576
639,Campaign 5,Adults at home,1,0,0,10.606060606060606,36.36363636363637,25.75757575757576
640,Campaign 5,Adults at home,1,0,0,10.606060606060606,36.36363636363637,25.75757575757576
641,Campaign 5,Children at home,1,0,0,10.606060606060606,36.36363636363637,25.75757575757576
642,Campaign 5,Adults at home,1,1,0,10.606060606060606,36.36363636363637,25.75757575757576
643,Campaign 5,Adults at home,1,1,0,10.606060606060606,36.36363636363637,25.75757575757576
644,Campaign 5,Adults at home,1,0,0,10.606060606060606,36.36363636363637,25.75757575757576
645,Campaign 5,Children at home,1,0,0,10.606060606060606,36.36363636363637,25.75757575757576
646,Campaign 5,Adults at home,1,1,0,10.606060606060606,36.36363636363637,25.75757575757576
647,Campaign 5,Adults at home,1,0,0,10.606060606060606,36.36363636363637,25.75757575757576
648,Campaign 5,Children at home,1,1,0,10.606060606060606,36.36363636363637,25.75757575757576
649,Campaign 5,Adults at home,1,0,0,10.606060606060606,36.36363636363637,25.75757575757576
650,Campaign 5,Children at home,1,1,0,10.606060606060606,36.36363636363637,25.75757575757576
651,Campaign 5,Adults at home,1,1,0,10.606060606060606,36.36363636363637,25.75757575757576
652,Campaign 5,Adults at home,1,1,0,10.606060606060606,36.36363636363637,25.75757575757576
653,Campaign 5,Adults at home,1,0,0,10.606060606060606,36.36363636363637,25.75757575757576
654,Campaign 5,Children at home,1,1,0,10.606060606060606,36.36363636363637,25.75757575757576
655,Campaign 5,Children at home,1,1,0,10.606060606060606,36.36363636363637,25.75757575757576
656,Campaign 5,Children at home,1,1,0,10.606060606060606,36.36363636363637,25.75757575757576
657,Campaign 5,Adults at home,1,0,0,10.606060606060606,36.36363636363637,25.75757575757576
658,Campaign 5,Children at home,1,1,0,10.606060606060606,36.36363636363637,25.75757575757576
659,Campaign 5,Children at home,1,1,0,10.606060606060606,36.36363636363637,25.75757575757576
660,Campaign 5,Children at home,1,0,0,10.606060606060606,36.36363636363637,25.75757575757576
